Symbol,MarketCap
20MICRONS,7835367424.0
21STCENMGM,754215040.0
360ONE,401985208320.0
3IINFOLTD,4320358400.0
3MINDIA,334039285760.0
3PLAND,
5PAISA,12180986880.0
63MOONS,35802992640.0
A2ZINFRA,2481530880.0
AAATECH,1065848704.0
AADHARHFC,198316523520.0
AAKASH,869895552.0
AAREYDRUGS,1545309312.0
AARON,3729316096.0
AARTECH,1911424000.0
AARTIDRUGS,41525456896.0
AARTIIND,171073470464.0
AARTIPHARM,73589317632.0
AARTISURF,5261187072.0
AARVEEDEN,3356411392.0
AARVI,1666304640.0
AAVAS,142928838656.0
ABAN,2378385920.0
ABB,1229913980928.0
ABBOTINDIA,651473780736.0
ABCAPITAL,572890677248.0
ABDL,111422488576.0
ABFRL,341789507584.0
ABINFRA,6707284480.0
ABMINTLLTD,477907776.0
ABREL,232305655808.0
ABSLAMC,200302886912.0
ACC,362785734656.0
ACCELYA,20647550976.0
ACCURACY,1237603200.0
ACE,149429551104.0
ACEINTEG,285090016.0
ACI,74803437568.0
ACL,5335250432.0
ACLGATI,9853154304.0
ACMESOLAR,143156887552.0
ADANIENSOL,1097489383424.0
ADANIENT,2934156296192.0
ADANIGREEN,1584962863104.0
ADANIPORTS,3039748947968.0
ADANIPOWER,2143880085504.0
ADFFOODS,26038581248.0
ADL,507029696.0
ADOR,17032990720.0
ADROITINFO,625204864.0
ADSL,11345924096.0
ADVANIHOTR,5599946752.0
ADVENZYMES,32389550080.0
AEGISLOG,293383340032.0
AEROFLEX,21674115072.0
AETHER,98812698624.0
AFCONS,172058525696.0
AFFLE,245305311232.0
AFFORDABLE,4619839488.0
AFIL,3128187392.0
AFSL,10740800512.0
AGARIND,15262190592.0
AGARWALEYE,125025427456.0
AGI,55171272704.0
AGIIL,20706084864.0
AGRITECH,958656576.0
AGROPHOS,672289152.0
AGSTRA,626413888.0
AHLADA,868937280.0
AHLEAST,2471561984.0
AHLUCONT,62248226816.0
AIAENG,312530010112.0
AIIL,359222149120.0
AIRAN,3520563200.0
AIROLAM,1370882688.0
AJANTPHARM,323921805312.0
AJAXENGG,81269006336.0
AJMERA,32158865408.0
AJOONI,583310080.0
AKASH,486314496.0
AKG,407062912.0
AKI,770230144.0
AKSHAR,488361760.0
AKSHARCHEM,1991990016.0
AKSHOPTFBR,1674162432.0
AKUMS,83731488768.0
AKZOINDIA,163855990784.0
ALANKIT,4118890240.0
ALBERTDAVD,4724965376.0
ALEMBICLTD,27599153152.0
ALICON,12654484480.0
ALIVUS,142237384704.0
ALKALI,908482688.0
ALKEM,626819530752.0
ALKYLAMINE,90603479040.0
ALLCARGO,31075567616.0
ALLDIGI,14776297472.0
ALMONDZ,3783733760.0
ALOKINDS,90268057600.0
ALPA,2281852928.0
ALPHAGEO,1611241472.0
ALPSINDUS,97394112.0
AMBER,219160788992.0
AMBICAAGAR,516180864.0
AMBIKCO,8644750336.0
AMBUJACEM,1392894279680.0
AMDIND,986318336.0
AMIORG,93775380480.0
AMJLAND,2330752000.0
AMNPLST,11554749440.0
AMRUTANJAN,20283576320.0
ANANDRATHI,148772913152.0
ANANTRAJ,175063105536.0
ANDHRAPAP,15331335168.0
ANDHRSUGAR,10199009280.0
ANGELONE,248215552000.0
ANIKINDS,3067885056.0
ANKITMETAL,316086400.0
ANMOL,1084851712.0
ANSALAPI,698962944.0
ANTGRAPHIC,155010000.0
ANUHPHR,9046188032.0
ANUP,60143263744.0
ANURAS,105236946944.0
APARINDS,331508973568.0
APCL,3946504448.0
APCOTEXIND,17619523584.0
APEX,7000000000.0
APLAPOLLO,493994475520.0
APLLTD,182489104384.0
APOLLO,42743095296.0
APOLLOHOSP,1009802018816.0
APOLLOPIPE,18137421824.0
APOLLOTYRE,315073593344.0
APOLSINHOT,3458532096.0
APTECHT,9786869760.0
APTUS,162214625280.0
ARCHIDPLY,1879824896.0
ARCHIES,658413056.0
ARE&M,189522378752.0
ARENTERP,132102752.0
ARIES,4000122880.0
ARIHANTCAP,7201496064.0
ARIHANTSUP,14904036352.0
ARKADE,30677262336.0
ARMANFIN,16226077696.0
AROGRANITE,573750016.0
ARROWGREEN,9139495936.0
ARSHIYA,798332288.0
ARSSINFRA,1185331968.0
ARTEMISMED,
ARTNIRMAN,1085586048.0
ARVEE,1664130176.0
ARVIND,103358119936.0
ARVINDFASN,62787194880.0
ARVSMART,31836383232.0
ASAHIINDIA,186616365056.0
ASAHISONG,5372008448.0
ASAL,7961549312.0
ASALCBR,20340908032.0
ASHAPURMIN,37236072448.0
ASHIANA,28401655808.0
ASHIMASYN,6265393664.0
ASHOKA,55232249856.0
ASHOKAMET,464087168.0
ASHOKLEY,696985387008.0
ASIANENE,14881795072.0
ASIANHOTNR,7070728704.0
ASIANPAINT,2226584551424.0
ASIANTILES,7037573632.0
ASKAUTOLTD,86552625152.0
ASMS,5482385920.0
ASPINWALL,2278515712.0
ASTEC,14371233792.0
ASTERDM,299674009600.0
ASTRAL,366176370688.0
ASTRAMICRO,97560739840.0
ASTRAZEN,198605701120.0
ASTRON,832349952.0
ATALREAL,1667445376.0
ATAM,1215536512.0
ATGL,741271994368.0
ATHERENERG,113973182464.0
ATL,7071648768.0
ATLANTAA,3127970048.0
ATLASCYCLE,557053888.0
ATUL,199497629696.0
ATULAUTO,13734860800.0
AUBANK,510833754112.0
AURIONPRO,75687428096.0
AUROPHARMA,702638456832.0
AURUM,11024798720.0
AUSOMENT,1239747584.0
AUTOAXLES,26427643904.0
AUTOIND,3630619136.0
AVADHSUGAR,11338422272.0
AVALON,60314738688.0
AVANTEL,30899750912.0
AVANTIFEED,119685300224.0
AVG,4246271488.0
AVL,55647801344.0
AVONMORE,6360450048.0
AVROIND,2463466752.0
AVTNPL,10046427136.0
AWFIS,44466442240.0
AWHCL,17140909056.0
AWL,352575225856.0
AXISBANK,3735978508288.0
AXISCADES,40542806016.0
AXITA,3349053952.0
AYMSYNTEX,12414093312.0
AZAD,117086625792.0
BAFNAPH,1819169536.0
BAGFILMS,1306258816.0
BAIDFIN,1205511936.0
BAJAJ-AUTO,2346465099776.0
BAJAJCON,23144138752.0
BAJAJELEC,77855850496.0
BAJAJFINSV,3229854728192.0
BAJAJHCARE,17639272448.0
BAJAJHFL,1025876492288.0
BAJAJHIND,28368900096.0
BAJAJHLDNG,1455391637504.0
BAJAJINDEF,7392000000.0
BAJEL,23601508352.0
BAJFINANCE,5682292588544.0
BALAJEE,3801199104.0
BALAJITELE,8960803840.0
BALAMINES,45238276096.0
BALAXI,2796262144.0
BALKRISHNA,607391488.0
BALKRISIND,527717007360.0
BALMLAWRIE,36883853312.0
BALPHARMA,1626064896.0
BALRAMCHIN,111974842368.0
BALUFORGE,68852514816.0
BANARBEADS,824882176.0
BANARISUG,54437347328.0
BANCOINDIA,58337636352.0
BANDHANBNK,272495558656.0
BANG,704984448.0
BANKA,748415424.0
BANKBARODA,1225922576384.0
BANKINDIA,522282336256.0
BANSALWIRE,61925724160.0
BANSWRAS,4983851520.0
BARBEQUE,13540422656.0
BASF,199680802816.0
BASML,2159399424.0
BATAINDIA,160518619136.0
BAYERCROP,223631884288.0
BBL,38713118720.0
BBOX,74216325120.0
BBTC,130152513536.0
BBTCL,3445600000.0
BCLIND,12275829760.0
BCONCEPTS,4049248000.0
BDL,687157084160.0
BEARDSELL,1262378240.0
BECTORFOOD,95928393728.0
BEDMUTHA,5323543552.0
BEL,2664049410048.0
BEML,150049308672.0
BEPL,27999014912.0
BERGEPAINT,665373442048.0
BESTAGRO,8157425152.0
BFINVEST,20246335488.0
BFUTILITIE,28619841536.0
BGRENERGY,8234360320.0
BHAGCHEM,39374434304.0
BHAGERIA,7594091008.0
BHAGYANGR,2391946240.0
BHANDARI,1224254976.0
BHARATFORG,599548166144.0
BHARATGEAR,1212285056.0
BHARATRAS,39662051328.0
BHARATSE,6565740032.0
BHARATWIRE,13518656512.0
BHARTIARTL,10712136024064.0
BHARTIHEXA,842464886784.0
BHEL,887333388288.0
BIGBLOC,9964118016.0
BIKAJI,176417472512.0
BIL,9243594752.0
BINANIIND,492374016.0
BIOCON,410155843584.0
BIOFILCHEM,753802432.0
BIRLACABLE,4989600256.0
BIRLACORPN,106683138048.0
BIRLAMONEY,8865728512.0
BIRLANU,17611771904.0
BLACKBUCK,83489038336.0
BLAL,8604996608.0
BLBLIMITED,803552576.0
BLISSGVS,12842494976.0
BLKASHYAP,16457119744.0
BLS,162304212992.0
BLSE,16365980672.0
BLUECOAST,375821344.0
BLUEDART,164932632576.0
BLUEJET,144123379712.0
BLUESTARCO,321766916096.0
BODALCHEM,9241769984.0
BOHRAIND,306444672.0
BOMDYEING,28799242240.0
BOROLTD,42284089344.0
BORORENEW,72724381696.0
BOROSCI,12768153600.0
BOSCHLTD,932145201152.0
BPCL,1383767736320.0
BPL,3728153856.0
BRIGADE,278478127104.0
BRITANNIA,1327795404800.0
BRNL,2048379904.0
BROOKS,4031435008.0
BSE,1015480123392.0
BSHSL,14749944832.0
BSL,1640988416.0
BSOFT,120279965696.0
BTML,1011096000.0
BUTTERFLY,13638558720.0
BVCL,847179328.0
BYKE,4970192896.0
CALSOFT,357828800.0
CAMLINFINE,36296937472.0
CAMPUS,79043117056.0
CAMS,190705123328.0
CANBK,985687326720.0
CANFINHOME,99965362176.0
CANTABIL,20240324608.0
CAPACITE,30766243840.0
CAPITALSFB,12945138688.0
CAPLIPOINT,151998922752.0
CAPTRUST,1577795584.0
CARBORUNIV,187338145792.0
CARERATING,45861961728.0
CARRARO,24971689984.0
CARTRADE,79778963456.0
CARYSIL,18556950528.0
CASTROLIND,208427778048.0
CCCL,8488421376.0
CCHHL,2645085184.0
CCL,103336189952.0
CDSL,291638607872.0
CEATLTD,157043458048.0
CEIGALL,44875206656.0
CELEBRITY,746439296.0
CELLO,132762918912.0
CENTENKA,9731165184.0
CENTEXT,1499200000.0
CENTRALBK,334812676096.0
CENTRUM,11194364928.0
CENTUM,30004699136.0
CENTURYPLY,164463558656.0
CERA,84403650560.0
CEREBRAINT,604718144.0
CESC,219663417344.0
CEWATER,11464659968.0
CGCL,139770003456.0
CGPOWER,1042492620800.0
CHALET,197903237120.0
CHAMBLFERT,252691218432.0
CHEMBOND,4115617792.0
CHEMCON,8107846144.0
CHEMFAB,12467691520.0
CHEMPLASTS,66920058880.0
CHENNPETRO,96755703808.0
CHEVIOT,6373032448.0
CHOICEIN,136112316416.0
CHOLAFIN,1365316730880.0
CHOLAHLDNG,351866159104.0
CIEINDIA,167734902784.0
CIFL,14229112832.0
CIGNITITEC,42576982016.0
CINELINE,3086031872.0
CINEVISTA,937256320.0
CIPLA,1209562038272.0
CLEAN,137530753024.0
CLEDUCATE,4828090368.0
CLSEL,16648130560.0
CMSINFO,78065156096.0
COALINDIA,2496830111744.0
COASTCORP,2503889408.0
COCHINSHIP,532212842496.0
COFFEEDAY,6375585280.0
COFORGE,564801896448.0
COLPAL,731360722944.0
COMPUSOFT,1638682880.0
COMSYN,4239824896.0
CONCOR,430923186176.0
CONCORDBIO,157907386368.0
CONFIPET,18764972032.0
CONSOFINVT,6236085760.0
CONTROLPR,10077872128.0
CORALFINAC,1650778112.0
CORDSCABLE,2598487808.0
COROMANDEL,717860044800.0
COSMOFIRST,17017869312.0
COUNCODOS,666817536.0
CPCAP,3771340288.0
CRAFTSMAN,126339260416.0
CREATIVE,10391327744.0
CREATIVEYE,132384120.0
CREDITACC,189297213440.0
CREST,11192449024.0
CRISIL,367730393088.0
CROMPTON,226504916992.0
CROWN,1849487488.0
CSBBANK,60378800128.0
CSLFINANCE,7184637440.0
CTE,957534848.0
CUB,144599040000.0
CUBEXTUB,1387367936.0
CUMMINSIND,834484043776.0
CUPID,24624257024.0
CURAA,780678016.0
CYBERMEDIA,226704384.0
CYBERTECH,4871939072.0
CYIENT,145636802560.0
CYIENTDLM,38205710336.0
DABUR,838130139136.0
DALBHARAT,386946564096.0
DALMIASUG,36022034432.0
DAMCAPITAL,16928957440.0
DAMODARIND,823336512.0
DANGEE,691347776.0
DATAMATICS,36527755264.0
DATAPATTNS,157051912192.0
DAVANGERE,3860121600.0
DBCORP,42050682880.0
DBEIL,6612624896.0
DBL,69006172160.0
DBOL,5261217280.0
DBREALTY,100881424384.0
DBSTOCKBRO,999249984.0
DCAL,33872969728.0
DCBBANK,44855496704.0
DCI,4491109376.0
DCM,1987882368.0
DCMFINSERV,160185712.0
DCMNVL,3428665600.0
DCMSHRIRAM,161720582144.0
DCMSRIND,16137053184.0
DCW,23488765952.0
DCXINDIA,37570826240.0
DDEVPLSTIK,28616562688.0
DECCANCE,10987388928.0
DEEDEV,16392061952.0
DEEPAKFERT,171794153472.0
DEEPAKNTR,283139964928.0
DEEPINDS,28275200000.0
DELHIVERY,240877092864.0
DELPHIFX,1458867712.0
DELTACORP,25074077696.0
DELTAMAGNT,676576576.0
DEN,16572386304.0
DENORA,4426335744.0
DENTA,8118134784.0
DEVIT,2563253760.0
DEVYANI,225898184704.0
DGCONTENT,2333080576.0
DHAMPURSUG,9500818432.0
DHANBANK,11817199616.0
DHANI,34890002432.0
DHANUKA,65854910464.0
DHARMAJ,8077554688.0
DHRUV,1350940672.0
DHUNINV,9909746688.0
DIACABS,50501480448.0
DIAMINESQ,3833464320.0
DIAMONDYD,27794368512.0
DICIND,6030131200.0
DIFFNKG,10698681344.0
DIGIDRIVE,1275254912.0
DIGISPICE,4715364864.0
DIGJAMLMTD,760000000.0
DIL,380802240.0
DISHTV,9353601024.0
DIVGIITTS,16594280448.0
DIVISLAB,1654133620736.0
DIXON,998844989440.0
DJML,3804644864.0
DLF,1765267472384.0
DLINKINDIA,17831862272.0
DMART,2704836919296.0
DMCC,6256174080.0
DNAMEDIA,603730304.0
DODLA,67663659008.0
DOLATALGO,16262400000.0
DOLLAR,23317813248.0
DOLPHIN,14653684736.0
DOMS,174653997056.0
DONEAR,6028445184.0
DPABHUSHAN,35318497280.0
DPSCLTD,12980621312.0
DPWIRES,3509755392.0
DRCSYSTEMS,2713330944.0
DREAMFOLKS,15009859584.0
DREDGECORP,20651438080.0
DRREDDY,1019536474112.0
DSSL,14590538752.0
DTIL,2023515136.0
DUCON,1998210560.0
DVL,13037003776.0
DWARKESH,8440460288.0
DYCL,21042999296.0
DYNAMATECH,48409382912.0
DYNPRO,3512292864.0
E2E,42194915328.0
EASEMYTRIP,45220294656.0
ECLERX,150216818688.0
ECOSMOBLTY,13268400128.0
EDELWEISS,81901494272.0
EICHERMOT,1515790794752.0
EIDPARRY,170915774464.0
EIEL,37709111296.0
EIFFL,5435799040.0
EIHAHOTELS,22841972736.0
EIHOTEL,230228525056.0
EIMCOELECO,11948045312.0
EKC,14683539456.0
ELDEHSG,8161390080.0
ELECON,151524982784.0
ELECTCAST,63611240448.0
ELECTHERM,14019628032.0
ELGIEQUIP,150699032576.0
ELGIRUBCO,3378374912.0
ELIN,8759386112.0
EMAMILTD,280251301888.0
EMAMIPAP,6000896000.0
EMAMIREAL,5179751936.0
EMBDL,127020654592.0
EMCURE,199904575488.0
EMIL,51175460864.0
EMKAY,5574398464.0
EMMBI,2182655744.0
EMSLIMITED,34692866048.0
EMUDHRA,61708419072.0
ENDURANCE,312681955328.0
ENERGYDEV,939075008.0
ENGINERSIN,109440819200.0
ENIL,6864537600.0
ENTERO,64300032000.0
EPACK,35079532544.0
EPIGRAL,78862295040.0
EPL,75066523648.0
EQUIPPP,2167124736.0
EQUITASBNK,72492367872.0
ERIS,199960428544.0
ESABINDIA,78653865984.0
ESAFSFB,16148708352.0
ESCORTS,390848446464.0
ESSARSHPNG,7229671936.0
ESSENTIA,2583857664.0
ESTER,11740867584.0
ETERNAL,2216869756928.0
ETHOSLTD,66855972864.0
EUREKAFORB,110669996032.0
EUROTEXIND,125822984.0
EVEREADY,22802006016.0
EVERESTIND,7728812032.0
EXCEL,1102725760.0
EXCELINDUS,14834682880.0
EXICOM,20843837440.0
EXIDEIND,329629990912.0
EXPLEOSOL,14347962368.0
EXXARO,2944850688.0
FACT,565443821568.0
FAIRCHEMOR,10667992064.0
FAZE3Q,15084648448.0
FCL,29930428416.0
FCSSOFT,4632880640.0
FDC,71335198720.0
FEDERALBNK,489700261888.0
FEDFINA,33699168256.0
FEL,281753888.0
FELDVR,289129792.0
FIBERWEB,1243396608.0
FIEMIND,43168751616.0
FILATEX,21535844352.0
FILATFASH,4167034880.0
FINCABLES,146064392192.0
FINEORG,139509137408.0
FINOPB,20387676160.0
FINPIPE,118530785280.0
FIRSTCRY,172186304512.0
FIVESTAR,199666565120.0
FLAIR,30354814976.0
FLEXITUFF,998132032.0
FLUOROCHEM,433377804288.0
FMGOETZE,19418580992.0
FMNL,988503680.0
FOCUS,6952570368.0
FOODSIN,6858399232.0
FORCEMOT,145123770368.0
FORTIS,525450772480.0
FOSECOIND,29787088896.0
FSC,91797360.0
FSL,255504547840.0
FUSION,25466724352.0
GABRIEL,88484700160.0
GAEL,56705867776.0
GAIL,1227896127488.0
GALAPREC,11439349760.0
GALAXYSURF,79773302784.0
GALLANTT,114033385472.0
GANDHAR,15536413696.0
GANDHITUBE,8364497408.0
GANECOS,40615915520.0
GANESHBE,9573648384.0
GANESHHOUC,82503204864.0
GANGAFORGE,699681984.0
GANGESSECU,1585586432.0
GARFIBRES,87567327232.0
GARUDA,9855906816.0
GATECH,601213696.0
GATECHDVR,599677760.0
GATEWAY,32302692352.0
GAYAHWS,287582400.0
GEECEE,8448326656.0
GEEKAYWIRE,4144218112.0
GENCON,2164759808.0
GENESYS,27801419776.0
GENSOL,2520545792.0
GENUSPAPER,5286510592.0
GENUSPOWER,100311433216.0
GEOJITFSL,24148113408.0
GEPIL,16662714368.0
GESHIP,139697520640.0
GFLLIMITED,6215345664.0
GHCL,58357788672.0
GHCLTEXTIL,8773662720.0
GICHSGFIN,10272971776.0
GICRE,754041094144.0
GILLANDERS,2376038400.0
GILLETTE,277479260160.0
GINNIFILA,3181901312.0
GIPCL,30366457856.0
GKWLIMITED,11718206464.0
GLAND,242061017088.0
GLAXO,479300419584.0
GLENMARK,408147296256.0
GLFL,197746768.0
GLOBAL,3271439360.0
GLOBALE,175891360.0
GLOBALVECT,2924249344.0
GLOBE,810002688.0
GLOBUSSPR,31134156800.0
GLOSTERLTD,6664998400.0
GMBREW,16549151744.0
GMDCLTD,107293196288.0
GMMPFAUDLR,50079879168.0
GMRAIRPORT,945241587712.0
GMRP&UI,91084398592.0
GNA,14637256704.0
GNFC,74697269248.0
GOACARBON,4423617536.0
GOCLCORP,14745365504.0
GOCOLORS,47858581504.0
GODAVARIB,10081160192.0
GODFRYPHLP,454435241984.0
GODHA,393821664.0
GODIGIT,275665256448.0
GODREJAGRO,143371649024.0
GODREJCP,1323161092096.0
GODREJIND,383089082368.0
GODREJPROP,657486839808.0
GOENKA,285300000.0
GOKEX,73689104384.0
GOKUL,4600327680.0
GOKULAGRO,37188214784.0
GOLDENTOBC,633740736.0
GOLDIAM,40432586752.0
GOLDTECH,3567350784.0
GOODLUCK,26923196416.0
GOPAL,37448912896.0
GOYALALUM,1207521152.0
GPIL,132601618432.0
GPPL,70098796544.0
GPTHEALTH,13205078016.0
GPTINFRA,18057558016.0
GRANULES,122242179072.0
GRAPHITE,94659821568.0
GRASIM,1886194499584.0
GRAVITA,146410815488.0
GREAVESCOT,49817890816.0
GREENLAM,62666899456.0
GREENPANEL,31100659712.0
GREENPLY,36215201792.0
GREENPOWER,15343233024.0
GRINDWELL,197100191744.0
GRINFRA,117442732032.0
GRMOVER,18177001472.0
GROBTEA,1078642176.0
GRPLTD,14745590784.0
GRSE,286036328448.0
GRWRHITECH,93397106688.0
GSFC,81209819136.0
GSLSU,5423599104.0
GSPL,198404800512.0
GSS,985819776.0
GTECJAINX,266343072.0
GTL,1377921664.0
GTLINFRA,19085559808.0
GTPL,12305700864.0
GUFICBIO,38411452416.0
GUJALKALI,47587106816.0
GUJAPOLLO,4268792320.0
GUJGASLTD,326048546816.0
GUJRAFFIA,
GUJTHEM,36621070336.0
GULFOILLUB,60540874752.0
GULFPETRO,2183513088.0
GULPOLY,13245064192.0
GVKPIL,5764116480.0
GVPTECH,1602535680.0
GVT&D,480421019648.0
HAL,3399115866112.0
HAPPSTMNDS,90695917568.0
HAPPYFORGE,79535702016.0
HARDWYN,6823422976.0
HARIOMPIPE,12009118720.0
HARRMALAYA,3866775552.0
HARSHA,35170332672.0
HATHWAY,26374488064.0
HATSUN,200361820160.0
HAVELLS,988185952256.0
HAVISHA,621865408.0
HBLENGINE,158791155712.0
HBSL,604325568.0
HCC,51088187392.0
HCG,85287149568.0
HCL-INSYS,6810345984.0
HCLTECH,4513044365312.0
HDFCAMC,1008513843200.0
HDFCBANK,14818140487680.0
HDFCLIFE,1611119722496.0
HEADSUP,251741632.0
HECPROJECT,1215570176.0
HEG,93825908736.0
HEIDELBERG,44969082880.0
HEMIPROP,40413245440.0
HERANBA,10739622912.0
HERCULES,5337655808.0
HERITGFOOD,39623892992.0
HEROMOTOCO,859668742144.0
HESTERBIO,15430715392.0
HEUBACHIND,13546704896.0
HEXATRADEX,10840700928.0
HEXT,468927840256.0
HFCL,128227885056.0
HGINFRA,79704252416.0
HGS,23995236352.0
HIKAL,51854729216.0
HILTON,1736736000.0
HIMATSEIDE,20712411136.0
HINDALCO,1464406900736.0
HINDCOMPOS,6563343360.0
HINDCON,1882278400.0
HINDCOPPER,220645916672.0
HINDMOTORS,5464766976.0
HINDNATGLS,1574352256.0
HINDOILEXP,24831268864.0
HINDPETRO,866022785024.0
HINDUNILVR,5581451034624.0
HINDWAREAP,17105688576.0
HINDZINC,1861253464064.0
HIRECT,18422441984.0
HISARMETAL,1086102272.0
HITECH,19036835840.0
HITECHCORP,3301856768.0
HITECHGEAR,11352032256.0
HLEGLAS,20032512000.0
HLVLTD,9143937024.0
HMAAGRO,16825870336.0
HMT,18432063488.0
HMVL,6506059776.0
HNDFDS,61277294592.0
HOMEFIRST,121285861376.0
HONASA,86199386112.0
HONAUT,344023531520.0
HONDAPOWER,23944816640.0
HOVS,689324352.0
HPAL,4865708032.0
HPIL,1457401728.0
HPL,28456185856.0
HSCL,226677784576.0
HTMEDIA,3943579648.0
HUBTOWN,25912610816.0
HUDCO,461457981440.0
HUHTAMAKI,15082208256.0
HYBRIDFIN,375004096.0
HYUNDAI,1471836717056.0
ICDSLTD,635051648.0
ICEMAKE,14366627840.0
ICICIBANK,10352878157824.0
ICICIGI,922786201600.0
ICICIPRULI,885574533120.0
ICIL,65713508352.0
ICRA,58771939328.0
IDBI,922658865152.0
IDEA,796321054720.0
IDEAFORGE,24622430208.0
IDFCFIRSTB,507586150400.0
IEL,3432339200.0
IEX,174799880192.0
IFBAGRO,5012832256.0
IFBIND,54963650560.0
IFCI,126659502080.0
IFGLEXPOR,16786341888.0
IGARASHI,15986911232.0
IGIL,163183624192.0
IGL,295547699200.0
IGPL,13956203520.0
IIFL,174827667456.0
IIFLCAPS,84567023616.0
IITL,3965498624.0
IKIO,17382688768.0
IKS,278496968704.0
IL&FSENGG,5377271808.0
IL&FSTRANS,1098726400.0
IMAGICAA,36740120576.0
IMFA,34368761856.0
IMPAL,12722112512.0
IMPEXFERRO,183897648.0
INCREDIBLE,1822852864.0
INDBANK,1518178176.0
INDGN,145840865280.0
INDHOTEL,1085507698688.0
INDIACEM,99243663360.0
INDIAGLYCO,54374584320.0
INDIAMART,141119995904.0
INDIANB,800767737856.0
INDIANCARD,1930864000.0
INDIANHUME,21299060736.0
INDIASHLTR,94888542208.0
INDIGO,2155170365440.0
INDIGOPNTS,49139953664.0
INDNIPPON,14717481984.0
INDOAMIN,10072995840.0
INDOBORAX,6033240576.0
INDOCO,23493670912.0
INDOFARM,7760383488.0
INDORAMA,11556860928.0
INDOSTAR,44895121408.0
INDOTECH,27095867392.0
INDOTHAI,20931135488.0
INDOUS,3099960064.0
INDOWIND,2626272768.0
INDRAMEDCO,39483564032.0
INDSWFTLAB,4632475648.0
INDSWFTLTD,817920256.0
INDTERRAIN,1687480960.0
INDUSINDBK,593701109760.0
INDUSTOWER,1070060142592.0
INFIBEAM,52405387264.0
INFOBEAN,9585879040.0
INFOMEDIA,313211808.0
INFY,6586855587840.0
INGERRAND,122168156160.0
INNOVACAP,52704133120.0
INNOVANA,7425100288.0
INOXGREEN,55215927296.0
INOXINDIA,105331048448.0
INOXWIND,236572688384.0
INSECTICID,21133731840.0
INSPIRISYS,4403696640.0
INTELLECT,146179211264.0
INTENTECH,2629149952.0
INTERARCH,30403409920.0
INTLCONV,5115318784.0
INVENTURE,1722000000.0
IOB,731558313984.0
IOC,2059153440768.0
IOLCP,23441729536.0
IONEXCHANG,69112020992.0
IPCALAB,353063534592.0
IPL,19075764224.0
IRB,308653293568.0
IRCON,178951979008.0
IRCTC,647800029184.0
IREDA,470616047616.0
IRFC,1815737401344.0
IRIS,5839486976.0
IRISDOREME,5018798592.0
IRMENERGY,11496716288.0
ISFT,1705761408.0
ISGEC,86713344000.0
ISHANCH,881708608.0
ITC,5434248265728.0
ITCHOTELS,420648681472.0
ITDC,51761831936.0
ITDCEM,115097321472.0
ITI,269913145344.0
IVC,3111594752.0
IVP,1916974336.0
IWEL,127403368448.0
IXIGO,68764868608.0
IZMO,4875074048.0
J&KBANK,113404928000.0
JAGRAN,16315343872.0
JAGSNPHARM,14199226368.0
JAIBALAJI,101506162688.0
JAICORPLTD,18617135104.0
JAIPURKURT,610665920.0
JAMNAAUTO,35038425088.0
JASH,36233633792.0
JAYAGROGN,7523400192.0
JAYBARMARU,7473580032.0
JAYNECOIND,42579226624.0
JAYSREETEA,2953879552.0
JBCHEPHARM,255660408832.0
JBMA,170985160704.0
JCHAC,47840100352.0
JETFREIGHT,741532672.0
JGCHEM,14193206272.0
JHS,1360295808.0
JINDALPHOT,9984916480.0
JINDALPOLY,30212616192.0
JINDALSAW,139098800128.0
JINDALSTEL,987497234432.0
JINDRILL,19259389952.0
JINDWORLD,62401826816.0
JIOFIN,1741713309696.0
JISLDVREQS,38207066112.0
JISLJALEQS,38256623616.0
JITFINFRA,11710606336.0
JKCEMENT,403376930816.0
JKIL,53052870656.0
JKLAKSHMI,101002043392.0
JKPAPER,59892076544.0
JKTYRE,96787963904.0
JLHL,91785846784.0
JMA,2184979712.0
JMFINANCIL,110073733120.0
JNKINDIA,20931133440.0
JOCIL,1447724288.0
JPOLYINVST,10189710336.0
JPPOWER,102459228160.0
JSFB,53214900224.0
JSL,541177380864.0
JSWENERGY,872625012736.0
JSWHL,266296508416.0
JSWINFRA,601394053120.0
JSWSTEEL,2501735874560.0
JTEKTINDIA,35734069248.0
JTLIND,27366369280.0
JUBLCPL,23155818496.0
JUBLFOOD,449624735744.0
JUBLINGREA,109043728384.0
JUBLPHARMA,144830283776.0
JUNIPER,71645642752.0
JUSTDIAL,79569625088.0
JWL,177546280960.0
JYOTHYLAB,127404908544.0
JYOTICNC,286552981504.0
JYOTISTRUC,23981926400.0
KABRAEXTRU,9893588992.0
KAJARIACER,148417560576.0
KAKATCEM,1232623232.0
KALAMANDIR,18893789184.0
KALYANIFRG,2924952064.0
KALYANKJIL,579979378688.0
KAMATHOTEL,7252421632.0
KAMDHENU,8160107008.0
KAMOPAINTS,3627656704.0
KANANIIND,457101984.0
KANORICHEM,4153227776.0
KANPRPLA,4192136960.0
KANSAINER,214937337856.0
KAPSTON,4073223424.0
KARMAENG,686789248.0
KARURVYSYA,181773320192.0
KAUSHALYA,320753664.0
KAVVERITEL,1842462464.0
KAYA,3732787456.0
KAYNES,414866767872.0
KBCGLOBAL,2091504000.0
KCP,28067391488.0
KCPSUGIND,4220189952.0
KDDL,33961959424.0
KEC,209140039680.0
KECL,8965903360.0
KEEPLEARN,605719680.0
KEI,331414437888.0
KELLTONTEC,11595530240.0
KERNEX,14791008256.0
KESORAMIND,1488080512.0
KEYFINSERV,2081923328.0
KFINTECH,185169395712.0
KHADIM,5521939968.0
KHAICHEM,6509915136.0
KHAITANLTD,523714368.0
KHANDSE,364260736.0
KICL,21582092288.0
KILITCH,6886440960.0
KIMS,255728828416.0
KINGFA,39362760704.0
KIOCL,167921582080.0
KIRIINDUS,35769446400.0
KIRLOSBROS,149950300160.0
KIRLOSENG,127438438400.0
KIRLOSIND,33184149504.0
KIRLPNU,79105490944.0
KITEX,54722846720.0
KKCL,28326023168.0
KMEW,16586569728.0
KMSUGAR,2660645888.0
KNRCON,65524944896.0
KOHINOOR,1387970176.0
KOKUYOCMLN,11856285696.0
KOLTEPATIL,27991959552.0
KOPRAN,8810160128.0
KOTAKBANK,4174330724352.0
KOTARISUG,3191211008.0
KOTHARIPET,9687293952.0
KOTHARIPRO,4299901952.0
KPEL,29316923392.0
KPIGREEN,88374534144.0
KPIL,185358548992.0
KPITTECH,372503478272.0
KPRMILL,398043021312.0
KRBL,75121696768.0
KREBSBIO,1664262784.0
KRIDHANINF,366993280.0
KRISHANA,22740191232.0
KRITI,6291073536.0
KRITIKA,2788008448.0
KRITINUT,6089078272.0
KRN,50157268992.0
KRONOX,5396418048.0
KROSS,11306562560.0
KRSNAA,21625022464.0
KRYSTAL,9333720064.0
KSB,134864084992.0
KSCL,67029409792.0
KSHITIJPOL,196631232.0
KSL,35839193088.0
KSOLVES,7865747968.0
KTKBANK,77419634688.0
KUANTUM,9655717888.0
LAGNAM,2098547072.0
LAKPRE,52629576.0
LAL,1974383872.0
LALPATHLAB,230518603776.0
LAMBODHARA,1492298880.0
LANCORHOL,1657000192.0
LANDMARK,18283567104.0
LAOPALA,27091771392.0
LASA,930880320.0
LATENTVIEW,87182385152.0
LATTEYS,1176317440.0
LAURUSLABS,326489341952.0
LAXMICOT,495568512.0
LAXMIDENTL,22056290304.0
LCCINFOTEC,730755328.0
LEMONTREE,112045883392.0
LEXUS,649899840.0
LFIC,642000000.0
LGBBROSLTD,41779044352.0
LGHL,11396411392.0
LIBAS,348012160.0
LIBERTSHOE,7376962048.0
LICHSGFIN,339416350720.0
LICI,5430961504256.0
LIKHITHA,10884254720.0
LINC,8461275136.0
LINCOLN,12038850560.0
LINDEINDIA,614557941760.0
LLOYDSENGG,72866889728.0
LLOYDSENT,65818427392.0
LLOYDSME,682463723520.0
LMW,185090506752.0
LODHA,1390250164224.0
LOKESHMACH,3707517696.0
LORDSCHLO,3894182656.0
LOTUSEYE,1570120704.0
LOVABLE,1401116032.0
LOYALTEX,1328376832.0
LPDC,1175335936.0
LT,4955133968384.0
LTF,438060154880.0
LTFOODS,130975506432.0
LTIM,1497778618368.0
LTTS,478822662144.0
LUMAXIND,25614290944.0
LUMAXTECH,42097602560.0
LUPIN,943781642240.0
LUXIND,44939988992.0
LXCHEM,53975224320.0
LYKALABS,4122552064.0
LYPSAGEMS,185159520.0
M&M,3758112374784.0
M&MFIN,330402168832.0
MAANALU,5472310272.0
MACPOWER,9303906304.0
MADHAV,401678752.0
MADHUCON,548296064.0
MADRASFERT,15749233664.0
MAGADSUGAR,10659453952.0
MAGNUM,1843577728.0
MAHABANK,389808979968.0
MAHAPEXLTD,1676795136.0
MAHASTEEL,4048872704.0
MAHEPC,4075879168.0
MAHESHWARI,1716045696.0
MAHLIFE,52820328448.0
MAHLOG,23724050432.0
MAHSCOOTER,143799353344.0
MAHSEAMLES,91842920448.0
MAITHANALL,29622507520.0
MALLCOM,7756059136.0
MALUPAPER,697723264.0
MAMATA,9178708992.0
MANAKALUCO,1785169152.0
MANAKCOAT,8930215936.0
MANAKSIA,4646360576.0
MANAKSTEEL,4264249856.0
MANALIPETC,9953582080.0
MANAPPURAM,197170331648.0
MANBA,6807438848.0
MANCREDIT,3153340672.0
MANGALAM,1301869440.0
MANGCHEFER,28307308544.0
MANGLMCEM,20697106432.0
MANINDS,21560057856.0
MANINFRA,63850692608.0
MANKIND,1051127513088.0
MANOMAY,3127839744.0
MANORAMA,84466089984.0
MANORG,4910355968.0
MANUGRAPH,615601600.0
MANYAVAR,181139046400.0
MAPMYINDIA,114548867072.0
MARALOVER,2991916800.0
MARATHON,27055798272.0
MARICO,938206887936.0
MARINE,27891079168.0
MARKSANS,108396830720.0
MARSHALL,265781344.0
MARUTI,4072776663040.0
MASFIN,44303859712.0
MASKINVEST,555530432.0
MASTEK,72631418880.0
MASTERTR,17772648448.0
MATRIMONY,10988728320.0
MAWANASUG,3790824960.0
MAXESTATES,72578736128.0
MAXHEALTH,1139745226752.0
MAXIND,8951725056.0
MAYURUNIQ,25695916032.0
MAZDA,5054489600.0
MAZDOCK,1385206906880.0
MBAPL,25127012352.0
MBLINFRA,5431710720.0
MCL,1576725248.0
MCLEODRUSS,3502753536.0
MCLOUD,45142196224.0
MCX,328043102208.0
MEDANTA,319940820992.0
MEDIASSIST,33004576768.0
MEDICAMEQ,6114788352.0
MEDICO,4667221504.0
MEDPLUS,101704908800.0
MEGASOFT,5069474304.0
MEGASTAR,2526771712.0
MENONBE,6439733248.0
MEP,319196032.0
METROBRAND,320967213056.0
METROPOLIS,84167729152.0
MFML,355458016.0
MFSL,473259638784.0
MGEL,4343548416.0
MGL,139379474432.0
MHLXMIRU,2461785600.0
MHRIL,72218083328.0
MICEL,14619688960.0
MIDHANI,77371416576.0
MINDACORP,118895927296.0
MINDTECK,7550983680.0
MIRCELECTR,3117865472.0
MIRZAINT,4280115968.0
MITCON,1218773888.0
MITTAL,736875136.0
MKPL,2736479232.0
MMFL,17381376000.0
MMP,6390227968.0
MMTC,92417327104.0
MOBIKWIK,21740984320.0
MODIRUBBER,3310604800.0
MODISONLTD,4454735872.0
MODTHREAD,1530108800.0
MOHITIND,471731232.0
MOIL,74210975744.0
MOKSH,1182535808.0
MOL,20268824576.0
MOLDTECH,4204122880.0
MOLDTKPAC,18844108800.0
MONARCH,24487645184.0
MONTECARLO,12252670976.0
MOREPENLAB,33419724800.0
MOSCHIP,35196694528.0
MOTHERSON,1019630256128.0
MOTILALOFS,460363038720.0
MOTISONS,17602144256.0
MOTOGENFIN,1151795200.0
MPHASIS,492728844288.0
MPSLTD,43716202496.0
MRF,598971842560.0
MRPL,242489753600.0
MSPL,15868110848.0
MSTCLTD,39703240704.0
MSUMI,256822263808.0
MTARTECH,49476816896.0
MTEDUCARE,169800608.0
MTNL,27587700736.0
MUFIN,13635065856.0
MUFTI,9073587200.0
MUKANDLTD,16839491584.0
MUKKA,9381000192.0
MUKTAARTS,1825096320.0
MUNJALAU,7876999680.0
MUNJALSHOW,4906602496.0
MURUDCERA,2301932288.0
MUTHOOTCAP,4519066112.0
MUTHOOTFIN,899733716992.0
MUTHOOTMF,22094112768.0
MVGJL,10746428416.0
NACLIND,38014722048.0
NAGAFERT,2757079808.0
NAGREEKCAP,353102240.0
NAGREEKEXP,887792512.0
NAHARCAP,4682983424.0
NAHARINDUS,5654787072.0
NAHARPOLY,5636697088.0
NAHARSPING,9954022400.0
NAM-INDIA,458445946880.0
NARMADA,664266368.0
NATCAPSUQ,2054141184.0
NATCOPHARM,148996128768.0
NATHBIOGEN,3568001024.0
NATIONALUM,325285543936.0
NAUKRI,974857240576.0
NAVA,136123473920.0
NAVINFLUOR,211750584320.0
NAVKARCORP,16499894272.0
NAVKARURB,3770759680.0
NAVNETEDUL,32595736576.0
NAZARA,109660561408.0
NBCC,303670132736.0
NBIFIN,6143253504.0
NCC,139507597312.0
NCLIND,10077868032.0
NDGL,4301341696.0
NDL,5751464960.0
NDLVENTURE,2030060800.0
NDRAUTO,22017742848.0
NDTV,8265220608.0
NECCLTD,2452000000.0
NECLIFE,5346202624.0
NELCAST,11444136960.0
NELCO,20673470464.0
NEOGEN,40803115008.0
NESCO,68875812864.0
NESTLEIND,2309830737920.0
NETWEB,103823933440.0
NETWORK18,73122291712.0
NEULANDLAB,142869479424.0
NEWGEN,162324578304.0
NEXTMEDIA,502026240.0
NFL,47095488512.0
NGIL,469827072.0
NGLFINE,7876975616.0
NH,361274277888.0
NHPC,905255387136.0
NIACL,293393432576.0
NIBE,22429005824.0
NIBL,626361024.0
NIITLTD,19098800128.0
NIITMTS,51288821760.0
NILAINFRA,4609862144.0
NILASPACES,4821201408.0
NILKAMAL,26405513216.0
NINSYS,8330444800.0
NIPPOBATRY,3933750016.0
NIRAJ,3536887296.0
NIRAJISPAT,160296000.0
NITCO,30420025344.0
NITINSPIN,22074726400.0
NITIRAJ,2662150656.0
NIVABUPA,161446313984.0
NKIND,514814528.0
NLCINDIA,333791297536.0
NMDC,618152787968.0
NOCIL,30732386304.0
NOIDATOLL,809948288.0
NORBTEAEXP,531692096.0
NORTHARC,34898685952.0
NOVAAGRI,4437075968.0
NPST,39167598592.0
NRAIL,4629364736.0
NRBBEARING,25232828416.0
NRL,4400510464.0
NSIL,35822149632.0
NSLNISP,114601484288.0
NTPC,3350683975680.0
NTPCGREEN,869091704832.0
NUCLEUS,26722811904.0
NURECA,2550051072.0
NUVAMA,240622370816.0
NUVOCO,128272572416.0
NYKAA,576699432960.0
OAL,12922982400.0
OBCL,1172414464.0
OBEROIRLTY,601797623808.0
OCCL,1939575936.0
OCCLLTD,4282755840.0
ODIGMA,1373494016.0
OFSS,749250412544.0
OIL,692854587392.0
OILCOUNTUB,2995388416.0
OLAELEC,219437236224.0
OLECTRA,104751390720.0
OMAXAUTO,1866769664.0
OMAXE,14571721728.0
OMINFRAL,13570501632.0
OMKARCHEM,140798368.0
ONELIFECAP,146559200.0
ONEPOINT,11548910592.0
ONESOURCE,182172057600.0
ONGC,3114882301952.0
ONMOBILE,5479804928.0
ONWARDTEC,6295254016.0
OPTIEMUS,49228513280.0
ORBTEXP,4528695808.0
ORCHASP,961845568.0
ORCHPHARMA,38926909440.0
ORICONENT,6285061120.0
ORIENTALTL,891608896.0
ORIENTBELL,3926288640.0
ORIENTCEM,72630108160.0
ORIENTCER,4360841728.0
ORIENTELEC,52376756224.0
ORIENTHOT,25704134656.0
ORIENTLTD,832000000.0
ORIENTPPR,6571400192.0
ORIENTTECH,14824444928.0
ORISSAMINE,33377642496.0
ORTEL,65294264.0
ORTINGLOBE,93510984.0
OSIAHYPER,3175007488.0
OSWALAGRO,11503939584.0
OSWALGREEN,10621620224.0
OSWALSEEDS,1363843200.0
PAGEIND,534885269504.0
PAISALO,30798309376.0
PAKKA,7973804544.0
PALASHSECU,1233282176.0
PALREDTEC,569427520.0
PANACEABIO,33662033920.0
PANACHE,2218799872.0
PANAMAPET,23290036224.0
PANSARI,3689998080.0
PAR,1285584640.0
PARACABLES,17496692736.0
PARADEEP,119571955712.0
PARAGMILK,25266692096.0
PARAS,65146855424.0
PARASPETRO,929385856.0
PARKHOTELS,33900103680.0
PARSVNATH,9465186304.0
PASUPTAC,4318498816.0
PATANJALI,642314534912.0
PATELENG,33970427904.0
PATINTLOG,1159993600.0
PAVNAIND,5762189824.0
PAYTM,545316470784.0
PCBL,148361838592.0
PCJEWELLER,82199298048.0
PDMJEPAPER,10233710592.0
PDSL,62099173376.0
PEARLPOLY,502521760.0
PEL,247986585600.0
PENIND,26149834752.0
PENINLAND,10887486464.0
PERSISTENT,894129405952.0
PETRONET,479699992576.0
PFC,1376801783808.0
PFIZER,202419863552.0
PFOCUS,29532168192.0
PFS,23501135872.0
PGEL,237260816384.0
PGHH,462240382976.0
PGHL,86504906752.0
PGIL,52313845760.0
PHOENIXLTD,552427323392.0
PIDILITIND,1568622641152.0
PIGL,2759326208.0
PIIND,559177269248.0
PILANIINVS,52203204608.0
PILITA,3666000128.0
PIONEEREMB,1371593344.0
PITTIENG,37265768448.0
PIXTRANS,23421718528.0
PKTEA,2558054912.0
PLASTIBLEN,5093883392.0
PLATIND,14309633024.0
PLAZACABLE,2595503872.0
PNB,1139636043776.0
PNBGILTS,17641633792.0
PNBHOUSING,281605603328.0
PNC,402327264.0
PNCINFRA,71035650048.0
PNGJL,74897252352.0
POCL,23440531456.0
PODDARMENT,3259392256.0
POKARNA,33245591552.0
POLICYBZR,819810271232.0
POLYCAB,914370592768.0
POLYMED,243324239872.0
POLYPLEX,40197308416.0
PONNIERODE,2865853184.0
POONAWALLA,302209925120.0
POWERGRID,2790179995648.0
POWERINDIA,755467812864.0
POWERMECH,93644316672.0
PPAP,2604467968.0
PPL,10095956992.0
PPLPHARMA,285707599872.0
PRABHA,25762969600.0
PRAENG,1460259456.0
PRAJIND,90776043520.0
PRAKASH,32119982080.0
PRAKASHSTL,1195250048.0
PRAXIS,1568041600.0
PRECAM,16423044096.0
PRECOT,6449999872.0
PRECWIRE,29843234816.0
PREMEXPLN,27247224832.0
PREMIER,92025904.0
PREMIERENE,485018927104.0
PREMIERPOL,6252135424.0
PRESTIGE,616245362688.0
PRICOLLTD,53505757184.0
PRIMESECU,8271208960.0
PRIMO,6288801280.0
PRINCEPIPE,31625971712.0
PRITI,1361635968.0
PRITIKAUTO,2928963584.0
PRIVISCL,90996555776.0
PROTEAN,56613396480.0
PROZONER,5545593344.0
PRSMJOHNSN,71194812416.0
PRUDENT,102668083200.0
PRUDMOULI,1254925312.0
PSB,214003204096.0
PSPPROJECT,25884112896.0
PTC,54968684544.0
PTCIL,213613330432.0
PTL,5648526336.0
PUNJABCHEM,13499424768.0
PURVA,60821966848.0
PVP,6562181120.0
PVRINOX,99643539456.0
PVSL,8048956928.0
PYRAMID,6081204736.0
QPOWER,30415800320.0
QUADFUTURE,18816000000.0
QUESS,55811121152.0
QUICKHEAL,15828420608.0
RACE,4779381760.0
RACLGEAR,8915305472.0
RADAAN,203647232.0
RADHIKAJWE,10938064896.0
RADIANTCMS,7739531264.0
RADICO,345091932160.0
RADIOCITY,3384265984.0
RAILTEL,124427657216.0
RAIN,49382318080.0
RAINBOW,139633999872.0
RAJESHEXPO,59908251648.0
RAJMET,1343692800.0
RAJRATAN,21158813696.0
RAJRILTD,13151338496.0
RAJSREESUG,1621190784.0
RAJTV,2569883392.0
RALLIS,56149032960.0
RAMANEWS,5465690112.0
RAMAPHO,4404545024.0
RAMASTEEL,17407375360.0
RAMCOCEM,238654914560.0
RAMCOIND,21890652160.0
RAMCOSYS,14636298240.0
RAMKY,35913658368.0
RAMRAT,25174405120.0
RANASUG,2255938560.0
RANEHOLDIN,20477220864.0
RATEGAIN,57553567744.0
RATNAMANI,198288048128.0
RATNAVEER,8169607680.0
RAYMOND,40824459264.0
RAYMONDLSL,61941198848.0
RBA,48737226752.0
RBLBANK,129579155456.0
RBZJEWEL,5890399744.0
RCF,83067666432.0
RCOM,4308472832.0
RECLTD,1071588966400.0
REDINGTON,217849151488.0
REDTAPE,77310205952.0
REFEX,54977175552.0
REGENCERAM,1162901504.0
RELAXO,108997943296.0
RELCHEMQ,1435511040.0
RELIABLE,739944000.0
RELIANCE,19662723088384.0
RELIGARE,72578555904.0
RELINFRA,106913005568.0
RELTD,20153391104.0
REMSONSIND,4977204736.0
RENUKA,67281567744.0
REPCOHOME,25941084160.0
REPL,3963628544.0
REPRO,7548484608.0
RESPONIND,49746571264.0
RETAIL,280424832.0
RGL,13048818688.0
RHFL,1600725248.0
RHIM,95733858304.0
RHL,4100290560.0
RICOAUTO,9689276416.0
RIIL,14068888576.0
RISHABH,10963809280.0
RITCO,7679341056.0
RITES,131868131328.0
RKDL,705600000.0
RKEC,1961471488.0
RKFORGE,112706985984.0
RKSWAMY,10978791424.0
RML,22708023296.0
ROHLTD,10229599232.0
ROLEXRINGS,40577617920.0
ROLLT,392940480.0
ROLTA,429657696.0
ROML,717958784.0
ROSSARI,39383035904.0
ROSSELLIND,2932507648.0
ROSSTECH,12999638016.0
ROTO,16859598848.0
ROUTE,61640003584.0
RPEL,32421584896.0
RPGLIFE,35990786048.0
RPOWER,181470822400.0
RPPINFRA,8424566784.0
RPPL,1985072256.0
RPSGVENT,28531439616.0
RPTECH,19855849472.0
RRKABEL,148702298112.0
RSSOFTWARE,1579061248.0
RSWM,7569243136.0
RSYSTEMS,43204169728.0
RTNINDIA,67594567680.0
RTNPOWER,57728679936.0
RUBFILA,4178597376.0
RUBYMILLS,7029191168.0
RUCHINFRA,1963416064.0
RUCHIRA,3761962240.0
RUPA,16389224448.0
RUSHIL,7698168320.0
RUSTOMJEE,66396549120.0
RVHL,2807490560.0
RVNL,861321756672.0
RVTH,2747636736.0
S&SPOWER,4492342272.0
SABEVENTS,52313660.0
SABTNL,15356197888.0
SADBHAV,2302482944.0
SADBHIN,1547156096.0
SADHNANIQ,6868942336.0
SAFARI,110972551168.0
SAGARDEEP,511210272.0
SAGCEM,30062839808.0
SAGILITY,225647575040.0
SAH,2353108480.0
SAHYADRI,3105465344.0
SAIL,503676829696.0
SAILIFE,156187983872.0
SAKAR,6851218432.0
SAKHTISUG,2981958656.0
SAKSOFT,22484068352.0
SAKUMA,4985842176.0
SALASAR,15662111744.0
SALONA,1295330176.0
SALSTEEL,1543844992.0
SALZERELEC,19259949056.0
SAMBHAAV,1366464512.0
SAMHI,40936382464.0
SAMMAANCAP,103211212800.0
SAMPANN,1331195776.0
SANATHAN,37899145216.0
SANCO,39624872.0
SANDESH,9015936000.0
SANDHAR,25466685440.0
SANDUMA,84119846912.0
SANGAMIND,22153164800.0
SANGHIIND,16279704576.0
SANGHVIMOV,28409913344.0
SANGINITA,204595488.0
SANOFI,144735813632.0
SANOFICONR,115314212864.0
SANSERA,76690145280.0
SANSTAR,17076261888.0
SANWARIA,370994432.0
SAPPHIRE,104545886208.0
SARDAEN,160086687744.0
SAREGAMA,104281473024.0
SARLAPOLY,8801216512.0
SARVESHWAR,7194297344.0
SASKEN,23246938112.0
SASTASUNDR,8361431552.0
SATIA,7770999808.0
SATIN,18836543488.0
SATINDLTD,9585084416.0
SAURASHCEM,10500772864.0
SBC,6842850304.0
SBCL,27419598848.0
SBFC,116564344832.0
SBGLP,6923376640.0
SBICARD,866671460352.0
SBILIFE,1782807134208.0
SBIN,7074546188288.0
SCHAEFFLER,620573753344.0
SCHAND,8100710400.0
SCHNEIDER,154855718912.0
SCI,87509524480.0
SCILAL,24221548544.0
SCPL,3323249920.0
SDBL,30229354496.0
SEAMECLTD,21456158720.0
SECMARK,1342412160.0
SECURKLOUD,829919296.0
SEJALLTD,4081434624.0
SELAN,8785600512.0
SELMC,1443016192.0
SEMAC,1113659008.0
SENCO,59268886528.0
SENORES,23163197440.0
SEPC,24124010496.0
SEQUENT,45240082432.0
SERVOTECH,27264831488.0
SESHAPAPER,17558175744.0
SETCO,2641898240.0
SETUINFRA,79177136.0
SFL,72225193984.0
SGIL,7895525888.0
SGL,441943232.0
SGLTL,33373016064.0
SHAH,1959836416.0
SHAHALLOYS,1213784704.0
SHAILY,78432878592.0
SHAKTIPUMP,102896287744.0
SHALBY,20983570432.0
SHALPAINTS,8565329920.0
SHANKARA,17765036032.0
SHANTI,179028736.0
SHANTIGEAR,38246711296.0
SHARDACROP,56220905472.0
SHARDAMOTR,49527795712.0
SHAREINDIA,37411639296.0
SHEKHAWATI,864852288.0
SHEMAROO,2964252672.0
SHILPAMED,69216395264.0
SHIVALIK,9275411456.0
SHIVAMAUTO,3907437312.0
SHIVAMILLS,687715264.0
SHIVATEX,2626244608.0
SHK,27999901696.0
SHOPERSTOP,57694265344.0
SHRADHA,3316495872.0
SHREDIGCEM,12243326976.0
SHREECEM,1136542089216.0
SHREEPUSHK,9357236224.0
SHREERAMA,5187900928.0
SHRENIK,404015264.0
SHREYANIND,2566672640.0
SHRIPISTON,104281686016.0
SHRIRAMFIN,1242931265536.0
SHRIRAMPPS,14154777600.0
SHYAMCENT,1996547840.0
SHYAMMETL,264311865344.0
SHYAMTEL,140762432.0
SIEMENS,1095962329088.0
SIGACHI,16935624704.0
SIGIND,1639041024.0
SIGMA,3236898816.0
SIGNATURE,171816861696.0
SIGNPOST,11916271616.0
SIKKO,1390265088.0
SIL,1270495744.0
SILGO,940932224.0
SILINV,6751707648.0
SILLYMONKS,178493520.0
SILVERTUC,10142263296.0
SIMBHALS,613818880.0
SIMPLEXINF,18988210176.0
SINCLAIR,4728222208.0
SINDHUTRAD,31535603712.0
SINTERCOM,3578889216.0
SIRCA,14765598720.0
SIS,48144171008.0
SITINET,444747552.0
SIYSIL,33278967808.0
SJS,35244544000.0
SJVN,410979074048.0
SKFINDIA,226154135552.0
SKIPPER,53598466048.0
SKMEGGPROD,5265999872.0
SKYGOLD,50581815296.0
SMARTLINK,1625825280.0
SMCGLOBAL,11158963200.0
SMLISUZU,24625584128.0
SMLT,1659203712.0
SMSLIFE,4221392384.0
SMSPHARMA,23220617216.0
SNOWMAN,9031106560.0
SOBHA,147836895232.0
SOFTTECH,4955698176.0
SOLARA,22295875584.0
SOLARINDS,1270300016640.0
SOMANYCERA,19081766912.0
SOMATEX,1514893440.0
SOMICONVEY,2291652608.0
SONACOMS,334857306112.0
SONAMLTD,1586468224.0
SONATSOFTW,110794948608.0
SOTL,27694974976.0
SOUTHBANK,72471511040.0
SOUTHWEST,3737187584.0
SPAL,22605924352.0
SPANDANA,21391532032.0
SPARC,51151155200.0
SPCENET,4097924352.0
SPECIALITY,6510854656.0
SPECTRUM,26802776064.0
SPENCERS,5774269952.0
SPIC,17437691904.0
SPLIL,1131000064.0
SPLPETRO,130284199936.0
SPMLINFRA,13100663808.0
SPORTKING,14927148032.0
SRD,3905365248.0
SREEL,5719053824.0
SRF,863071043584.0
SRGHFL,5010769408.0
SRHHYPOLTD,9578816512.0
SRM,8103330816.0
SRPL,267346800.0
SSDL,3750100992.0
SSWL,36889452544.0
STALLION,5861346304.0
STANLEY,20976613376.0
STAR,61011709952.0
STARCEMENT,90641408000.0
STARHEALTH,252336521216.0
STARPAPER,2695414528.0
STARTECK,2936922112.0
STCINDIA,7989550592.0
STEELCAS,19314176000.0
STEELCITY,1540924160.0
STEELXIND,10299618304.0
STEL,7704981504.0
STERTOOLS,12230293504.0
STLTECH,34516520960.0
STOVEKRAFT,20827832320.0
STYLAMIND,29635446784.0
STYLEBAAZA,23276947456.0
STYRENIX,50067963904.0
SUBEXLTD,7836755456.0
SUBROS,43177287680.0
SUDARSCHEM,84051107840.0
SUKHJITS,6839902720.0
SULA,25660518400.0
SUMICHEM,265042952192.0
SUMIT,3083812352.0
SUMMITSEC,22334490624.0
SUNCLAY,50163920896.0
SUNDARAM,1042531648.0
SUNDARMFIN,571119435776.0
SUNDARMHLD,77308002304.0
SUNDRMBRAK,2880505856.0
SUNDRMFAST,205862404096.0
SUNDROP,29724006400.0
SUNFLAG,47201161216.0
SUNPHARMA,4152520343552.0
SUNTECK,59328040960.0
SUNTV,248470585344.0
SUPERHOUSE,1999972096.0
SUPERSPIN,551174400.0
SUPRAJIT,57340149760.0
SUPREME,3939131904.0
SUPREMEENG,487402496.0
SUPREMEIND,466809847808.0
SUPREMEINF,2397917696.0
SUPRIYA,56100536320.0
SURAJEST,14962629632.0
SURAJLTD,7538463232.0
SURAKSHA,15809091584.0
SURANASOL,1811294976.0
SURANAT&P,2654107904.0
SURYALAXMI,1262963968.0
SURYAROSNI,62973325312.0
SURYODAY,13672865792.0
SUTLEJTEX,7106902016.0
SUULD,205414608.0
SUVEN,40003493888.0
SUVENPHAR,418876358656.0
SUVIDHAA,816149312.0
SUYOG,10135440384.0
SUZLON,833668710400.0
SVLL,6810230784.0
SVPGLOB,433895008.0
SWANENERGY,140038078464.0
SWARAJENG,49849696256.0
SWELECTES,9246868480.0
SWIGGY,808565997568.0
SWSOLAR,70678634496.0
SYMPHONY,88551768064.0
SYNCOMF,16177681408.0
SYNGENE,260679417856.0
SYRMA,95094898688.0
TAINWALCHM,1921932288.0
TAJGVK,25745235968.0
TAKE,1361354752.0
TALBROAUTO,16697478144.0
TANLA,78556602368.0
TARACHAND,4984222208.0
TARAPUR,551994624.0
TARC,46477619200.0
TARIL,154547552256.0
TARMAT,1184709120.0
TARSONS,20859529216.0
TASTYBITE,26895474688.0
TATACHEM,218440531968.0
TATACOMM,462355529728.0
TATACONSUM,1138224267264.0
TATAELXSI,386351366144.0
TATAINVEST,314449788928.0
TATAMOTORS,2699349721088.0
TATAPOWER,1300825899008.0
TATASTEEL,1962811850752.0
TATATECH,302142259200.0
TATVA,18011901952.0
TBOTEK,132344741888.0
TBZ,13764001792.0
TCI,88219811840.0
TCIEXP,28054874112.0
TCIFINANCE,156787056.0
TCPLPACK,34795089920.0
TCS,12863033835520.0
TDPOWERSYS,77193945088.0
TEAMLEASE,34315126784.0
TECHM,1423080161280.0
TECHNOE,146014650368.0
TEGA,96829112320.0
TEJASNET,128699228160.0
TEMBO,5586271744.0
TERASOFT,3352563712.0
TEXINFRA,13099496448.0
TEXMOPIPES,1845707904.0
TEXRAIL,65378164736.0
TFCILTD,19277883392.0
TFL,815363776.0
TGBHOTELS,306042880.0
THANGAMAYL,62881509376.0
THEINVEST,7836329984.0
THEJO,22445717504.0
THEMISMED,13539098624.0
THERMAX,386310144000.0
THOMASCOOK,67582382080.0
THOMASCOTT,4609295360.0
THYROCARE,51668664320.0
TI,68139802624.0
TICL,5815548416.0
TIIL,66124214272.0
TIINDIA,602664468480.0
TIJARIA,184355312.0
TIL,17587365888.0
TIMESGTY,1639643520.0
TIMETECHNO,82454650880.0
TIMKEN,230154190848.0
TINNARUBR,17318148096.0
TIPSFILMS,2262474496.0
TIPSMUSIC,82498740224.0
TIRUMALCHM,27042678784.0
TIRUPATIFL,3921177600.0
TITAGARH,122997760000.0
TITAN,3215804334080.0
TMB,71354941440.0
TNPETRO,7397504000.0
TNPL,11023172608.0
TNTELE,460921312.0
TOKYOPLAST,1254184832.0
TOLINS,5301712384.0
TORNTPHARM,1101706166272.0
TORNTPOWER,737871003648.0
TOTAL,1192223488.0
TOUCHWOOD,876522880.0
TPHQ,855051584.0
TPLPLASTEH,6484093952.0
TRACXN,6461803008.0
TRANSRAILL,71538302976.0
TRANSWORLD,6679471616.0
TREEHOUSE,379429824.0
TREJHARA,3670301184.0
TREL,8702552064.0
TRENT,1978996228096.0
TRF,4298307072.0
TRIDENT,148649967616.0
TRIGYN,2471783936.0
TRITURBINE,192697040896.0
TRIVENI,94115201024.0
TRU,1093005696.0
TTKHLTCARE,17092011008.0
TTKPRESTIG,88757288960.0
TTL,3037246464.0
TTML,117647687680.0
TVSELECT,7795825152.0
TVSHLTD,224495386624.0
TVSMOTOR,1334720200704.0
TVSSCS,57030045696.0
TVSSRICHAK,23285088256.0
TVTODAY,10552392704.0
TVVISION,278384704.0
UBL,543589138432.0
UCAL,3527119104.0
UCOBANK,392615723008.0
UDAICEMENT,16978696192.0
UDS,21186326528.0
UFLEX,45132853248.0
UFO,2795053824.0
UGARSUGAR,5326739456.0
UGROCAP,17159750656.0
UJJIVANSFB,87078150144.0
ULTRACEMCO,3500066996224.0
UMAEXPORTS,2476229632.0
UMANGDAIRY,1750134528.0
UMESLTD,156157472.0
UMIYA-MRO,1158071552.0
UNICHEMLAB,41240199168.0
UNIDT,4235250176.0
UNIECOM,14052227072.0
UNIENTER,10959722496.0
UNIINFO,159860608.0
UNIMECH,56924131328.0
UNIONBANK,1042626117632.0
UNIPARTS,15676229632.0
UNITDSPR,1103567388672.0
UNITECH,16457370624.0
UNITEDPOLY,4049300992.0
UNITEDTEA,2070578560.0
UNIVASTU,3159358720.0
UNIVCABLES,19524835328.0
UNIVPHOTO,2517827328.0
UNOMINDA,566010839040.0
UPL,519192707072.0
URAVIDEF,5855200256.0
URJA,8423899648.0
USHAMART,94106566656.0
USK,2171105536.0
UTIAMC,142730035200.0
UTKARSHBNK,26714042368.0
UTTAMSUGAR,12013501440.0
UYFINCORP,3509891328.0
V2RETAIL,63806881792.0
VADILALIND,48829755392.0
VAIBHAVGBL,41396436992.0
VAISHALI,1671218304.0
VAKRANGEE,10897014784.0
VALIANTLAB,4467937280.0
VALIANTORG,10272087040.0
VARDHACRLC,3490998784.0
VARDMNPOLY,5974800384.0
VARROC,77011779584.0
VASCONEQ,11253253120.0
VASWANI,1354138112.0
VBL,1706360832000.0
VCL,143326560.0
VEDL,1721062916096.0
VEEDOL,28415473664.0
VENKEYS,23025692672.0
VENTIVE,177360928768.0
VENUSPIPES,26458273792.0
VENUSREM,4556142080.0
VERANDA,15792081920.0
VERTOZ,7662177280.0
VESUVIUS,109091536896.0
VETO,2088887168.0
VGUARD,162864119808.0
VHL,12040680448.0
VHLTD,7709386752.0
VIDHIING,22360377344.0
VIJAYA,97171013632.0
VIJIFIN,340550016.0
VIKASECO,4244904192.0
VIKASLIFE,5034285568.0
VIMTALABS,23326214144.0
VINATIORGA,179736608768.0
VINCOFE,12949712896.0
VINDHYATEL,18314381312.0
VINEETLAB,297681856.0
VINNY,753700160.0
VINYLINDIA,5598366720.0
VIPCLOTHNG,3695309568.0
VIPIND,54179127296.0
VIPULLTD,1721142528.0
VIRINCHI,2302372352.0
VISAKAIND,6385314816.0
VISASTEEL,3816310528.0
VISHNU,30490464256.0
VISHWARAJ,2195706112.0
VIVIDHA,269284480.0
VLEGOV,6251115520.0
VLSFINANCE,8757285888.0
VMART,68180316160.0
VMM,593051713536.0
VOLTAMP,87557423104.0
VOLTAS,415624626176.0
VPRPL,22711384064.0
VRAJ,6247893504.0
VRLLOG,45396148224.0
VSSL,21430530048.0
VSTIND,49320259584.0
VSTL,2990370304.0
VSTTILLERS,32830214144.0
VTL,143156084736.0
WAAREEENER,836252073984.0
WAAREERTL,107486617600.0
WABAG,88055390208.0
WALCHANNAG,14780013568.0
WANBURY,10454069248.0
WCIL,8607040512.0
WEALTH,9312470016.0
WEBELSOLAR,62336303104.0
WEIZMANIND,1818806912.0
WEL,22752415744.0
WELCORP,206297841664.0
WELENT,69443878912.0
WELINV,3075062272.0
WELSPUNLIV,139265900544.0
WENDT,16924259328.0
WESTLIFE,108068061184.0
WEWIN,435805280.0
WHEELS,18063316992.0
WHIRLPOOL,163901046784.0
WILLAMAGOR,339327168.0
WINDLAS,20723810304.0
WINDMACHIN,30868371456.0
WINSOME,125151744.0
WIPL,1308306688.0
WIPRO,2659185065984.0
WOCKPHARMA,211361792000.0
WONDERLA,42921418752.0
WORTH,2354774528.0
WSI,4608172544.0
WSTCSTPAPR,31141441536.0
XCHANGING,10534362112.0
XELPMOC,1535911296.0
XPROINDIA,25446985728.0
XTGLOBAL,4798513664.0
YAARI,1509924992.0
YASHO,21447184384.0
YATHARTH,48140156928.0
YATRA,14734412800.0
YESBANK,680429617152.0
YUKEN,12480000000.0
ZAGGLE,58190876672.0
ZEEL,123388272640.0
ZEELEARN,2573978112.0
ZEEMEDIA,9087482880.0
ZENITHEXPO,1450781824.0
ZENITHSTL,1082766720.0
ZENSARTECH,184796282880.0
ZENTEC,161342472192.0
ZFCVINDIA,248703172608.0
ZIMLAB,4493005824.0
ZODIAC,
ZODIACLOTH,2888057856.0
ZOTA,25317115904.0
ZUARI,9412249600.0
ZUARIIND,8865887232.0
ZYDUSLIFE,910336327680.0
ZYDUSWELL,116179492864.0
